{"yards": [40, 1, 22, 20, -2, 1, -12, -3, 11, 2, 8, 6, -18, -7, 18, -7, 17, -15, -16, -7, 1, 2, -3, -9, -5, 14, 8, -1, -4, 4, -21, -13, -14, -11, 5, -9, -3, -5, -11, -30, -1, 9, -8, -16, -8, 56, -1, -8, 13, 10, -39, -12, -8, -2, 9, -2, -3, 8, 2, -11, -11, 0, 8, 5, -4, 6, -2, 20, -8, 14, -5, 7, -6], "mean": -0.4657534246575342, "std": 13.802007191511786}