{"yards": [-3, -7, -5, -6, -7, -5, 0, -9, -4, -4, -10, -8, -7, -8, -7, -12, -9, -5, -7, -7, -11, -8, -6, -2, -7, -5, -11, -9, -8, -4, -11, -9, -10, -6, -8, -10, -7, -8, -8, 0, -9, -6, -9, -6, -4, 0, -6, -5, -8, -11, -9, -8, 7, -4, -10, -8, 0, -4, -11, -5, 0, -10, -8, -6, -5, -8, -15, -7, -1, -9, -6, -10, 0, -9, -1, -12, -7, 0, -5, -11, -7, -4, -7, -6, -7, -1, -8, 0, -17, -7, -1, -8, -10, -9, -7, -4, -9, -8, 0, -8, -9, -6, -9, -6, -9, -4, -8, 0, -9, -7, -9, -1, -11, -8, -9, -8, -6, -8, -8, -6, -1, -4, -11, -7, -11, -12, -11, -14, -7, -11, -4, -5, -6, -9, -11, -2, -9, -4, -11, -9, -8, -9, -6, -8, -6, -7, -4, -6, -2, -7, -8, -7, -4, -7, -1, -5, -8, -8, -9, -1, -7, -9, -2, -7, -7, -9, -7, -8, -4, -8, -7, -5, -15, -12, -2, -12, 0, -10, -13, -12, -12, -1, -7, -3, -9, -4, 0, -3, 0, -11, -6, -10, -8, -7, -10, 0, -6, -8, -9, -8, -8, -13, -6, -2, -8, -7, -1, -4, -6, -5, -9, -7, -5, -4, -2, -8, -6, -18, -11, 0, -1, -5, -8, 0, -8, -6, -7, -12, -16, -8, -2, -2, -7, -6, -8, 0, -6, -7, -3, -12, 0, -7, -10, -7, -8, -12, -2, -5, -2, -5, -9, -10, -4, -8, -5, 0, -7, -2, -9, -10, -9, -9, -9, -10, -7, -7, -7, -2, -6, -9, -8, -8, -1, -9, -14, -8, -3, -7, -6, -8, -5, -7, -13, -8, -5, -5, -12, -1, 0, -5, -5, -8, -5, -8, -4, -8, -9, -7, -9, 0, -7, -7, -6, -14, -7, -11, -10, -9, -9, -7, -5, -2, -8, -15, -8, -10, -3, 0, -7, -9, -11, -9, -7, -12, -9, -6, -6, -8, -7, -9, -3, 0, -12, -8, -8, -6, -9, -10, -6, -7, -10, -6, -2, -8, -12, -6, -6, -12, 0, -7, 0, 0, -3, -8, -10, -2, -4, -7, -7, -10, -7, -2, -4, -13, -7, -6, -16, -6, -1, -6, -5, -6, -5, -8, -9, -1, -9, -1, -6, -10, -5, -4, -5, -8, -5, -7, -12], "mean": -6.715762273901809, "std": 3.5563873643917314}